codigo,nome
1,Music
2,Shoes
3,Industrial
4,Electronics
5,Baby
6,Shoes
7,Movies
8,Tools
9,Toys
10,Books
11,Industrial
12,Jewelry
13,Automotive
14,Outdoors
15,Movies
16,Home
17,Games
18,Grocery
19,Home
20,Tools
21,Garden
22,Jewelry
23,Books
24,Beauty
25,Industrial
26,Baby
27,Outdoors
28,Health
29,Garden
30,Electronics
31,Computers
32,Outdoors
33,Kids
34,Outdoors
35,Home
36,Clothing
37,Music
38,Movies
39,Grocery
40,Health
41,Sports
42,Sports
43,Shoes
44,Grocery
45,Outdoors
46,Books
47,Garden
48,Industrial
49,Movies
50,Grocery
51,Baby
52,Computers
53,Industrial
54,Tools
55,Industrial
56,Movies
57,Books
58,Health
59,Health
60,Computers
61,Books
62,Clothing
63,Health
64,Clothing
65,Kids
66,Electronics
67,Sports
68,Kids
69,Health
70,Shoes
71,Home
72,Industrial
73,Toys
74,Clothing
75,Music
76,Beauty
77,Computers
78,Grocery
79,Industrial
80,Tools
81,Garden
82,Music
83,Baby
84,Movies
85,Shoes
86,Automotive
87,Kids
88,Music
89,Home
90,Beauty
91,Toys
92,Electronics
93,Garden
94,Automotive
95,Baby
96,Movies
97,Jewelry
98,Grocery
99,Automotive
100,Industrial
101,Movies
102,Music
103,Games
104,Sports
105,Kids
106,Clothing
107,Baby
108,Tools
109,Home
110,Games
111,Baby
112,Games
113,Outdoors
114,Electronics
115,Games
116,Kids
117,Industrial
118,Tools
119,Industrial
120,Garden
121,Outdoors
122,Movies
123,Clothing
124,Kids
125,Movies
126,Outdoors
127,Home
128,Grocery
129,Grocery
130,Tools
131,Music
132,Home
133,Books
134,Movies
135,Kids
136,Garden
137,Garden
138,Clothing
139,Grocery
140,Games
141,Beauty
142,Kids
143,Shoes
144,Automotive
145,Home
146,Grocery
147,Tools
148,Industrial
149,Computers
150,Outdoors
151,Jewelry
152,Health
153,Computers
154,Automotive
155,Computers
156,Tools
157,Automotive
158,Clothing
159,Beauty
160,Outdoors
161,Music
162,Beauty
163,Grocery
164,Home
165,Computers
166,Beauty
167,Automotive
168,Home
169,Games
170,Music
171,Books
172,Baby
173,Garden
174,Outdoors
175,Kids
176,Books
177,Sports
178,Movies
179,Home
180,Tools
181,Baby
182,Books
183,Electronics
184,Books
185,Clothing
186,Computers
187,Outdoors
188,Shoes
189,Toys
190,Jewelry
191,Books
192,Books
193,Music
194,Beauty
195,Music
196,Kids
197,Computers
198,Home
199,Automotive
200,Toys
201,Games
202,Home
203,Beauty
204,Automotive
205,Health
206,Home
207,Jewelry
208,Games
209,Kids
210,Automotive
211,Grocery
212,Music
213,Clothing
214,Jewelry
215,Computers
216,Movies
217,Movies
218,Garden
219,Electronics
220,Grocery
221,Computers
222,Beauty
223,Toys
224,Automotive
225,Shoes
226,Music
227,Home
228,Shoes
229,Jewelry
230,Health
231,Movies
232,Toys
233,Computers
234,Outdoors
235,Toys
236,Toys
237,Baby
238,Grocery
239,Games
240,Computers
241,Industrial
242,Sports
243,Industrial
244,Shoes
245,Toys
246,Games
247,Garden
248,Shoes
249,Games
250,Sports
251,Outdoors
252,Clothing
253,Health
254,Industrial
255,Home
256,Garden
257,Movies
258,Toys
259,Beauty
260,Clothing
261,Industrial
262,Kids
263,Health
264,Garden
265,Shoes
266,Sports
267,Garden
268,Tools
269,Home
270,Health
271,Outdoors
272,Sports
273,Industrial
274,Sports
275,Automotive
276,Computers
277,Music
278,Baby
279,Games
280,Music
281,Computers
282,Grocery
283,Toys
284,Books
285,Grocery
286,Tools
287,Grocery
288,Grocery
289,Beauty
290,Beauty
291,Sports
292,Garden
293,Music
294,Jewelry
295,Home
296,Games
297,Health
298,Home
299,Jewelry
300,Shoes
301,Music
302,Automotive
303,Baby
304,Garden
305,Jewelry
306,Beauty
307,Computers
308,Grocery
309,Toys
310,Books
311,Computers
312,Electronics
313,Outdoors
314,Garden
315,Clothing
316,Games
317,Sports
318,Electronics
319,Clothing
320,Games
321,Health
322,Kids
323,Music
324,Health
325,Books
326,Baby
327,Music
328,Grocery
329,Sports
330,Home
331,Tools
332,Games
333,Movies
334,Automotive
335,Shoes
336,Garden
337,Sports
338,Baby
339,Garden
340,Grocery
341,Clothing
342,Baby
343,Kids
344,Health
345,Beauty
346,Games
347,Books
348,Music
349,Toys
350,Health
351,Kids
352,Kids
353,Outdoors
354,Games
355,Baby
356,Games
357,Clothing
358,Garden
359,Shoes
360,Industrial
361,Books
362,Shoes
363,Health
364,Jewelry
365,Movies
366,Toys
367,Electronics
368,Computers
369,Baby
370,Outdoors
371,Sports
372,Sports
373,Clothing
374,Games
375,Clothing
376,Music
377,Health
378,Clothing
379,Clothing
380,Books
381,Books
382,Clothing
383,Toys
384,Jewelry
385,Beauty
386,Garden
387,Games
388,Shoes
389,Shoes
390,Jewelry
391,Computers
392,Health
393,Industrial
394,Industrial
395,Beauty
396,Beauty
397,Movies
398,Clothing
399,Health
400,Computers
401,Health
402,Automotive
403,Outdoors
404,Electronics
405,Jewelry
406,Electronics
407,Clothing
408,Games
409,Music
410,Kids
411,Toys
412,Clothing
413,Movies
414,Tools
415,Outdoors
416,Music
417,Garden
418,Toys
419,Sports
420,Automotive
421,Industrial
422,Clothing
423,Health
424,Baby
425,Sports
426,Books
427,Grocery
428,Kids
429,Shoes
430,Books
431,Grocery
432,Home
433,Outdoors
434,Industrial
435,Home
436,Automotive
437,Computers
438,Home
439,Grocery
440,Health
441,Games
442,Shoes
443,Electronics
444,Outdoors
445,Music
446,Grocery
447,Movies
448,Kids
449,Shoes
450,Movies
451,Home
452,Automotive
453,Clothing
454,Garden
455,Automotive
456,Games
457,Grocery
458,Games
459,Beauty
460,Health
461,Shoes
462,Music
463,Electronics
464,Baby
465,Clothing
466,Electronics
467,Beauty
468,Home
469,Beauty
470,Jewelry
471,Games
472,Music
473,Toys
474,Games
475,Kids
476,Outdoors
477,Garden
478,Books
479,Electronics
480,Shoes
481,Kids
482,Games
483,Clothing
484,Movies
485,Outdoors
486,Automotive
487,Shoes
488,Movies
489,Tools
490,Outdoors
491,Grocery
492,Industrial
493,Tools
494,Garden
495,Home
496,Grocery
497,Garden
498,Kids
499,Garden
500,Home
501,Baby
502,Toys
503,Electronics
504,Sports
505,Clothing
506,Outdoors
507,Grocery
508,Games
509,Grocery
510,Home
511,Home
512,Industrial
513,Movies
514,Electronics
515,Music
516,Outdoors
517,Sports
518,Electronics
519,Baby
520,Computers
521,Outdoors
522,Health
523,Toys
524,Beauty
525,Toys
526,Sports
527,Clothing
528,Movies
529,Books
530,Tools
531,Grocery
532,Clothing
533,Shoes
534,Garden
535,Health
536,Sports
537,Industrial
538,Toys
539,Computers
540,Home
541,Beauty
542,Home
543,Games
544,Books
545,Industrial
546,Books
547,Computers
548,Grocery
549,Beauty
550,Books
551,Computers
552,Baby
553,Automotive
554,Health
555,Books
556,Grocery
557,Shoes
558,Tools
559,Games
560,Beauty
561,Sports
562,Home
563,Shoes
564,Books
565,Baby
566,Jewelry
567,Toys
568,Sports
569,Kids
570,Music
571,Kids
572,Kids
573,Automotive
574,Shoes
575,Tools
576,Books
577,Sports
578,Music
579,Games
580,Music
581,Garden
582,Outdoors
583,Toys
584,Health
585,Baby
586,Clothing
587,Jewelry
588,Books
589,Shoes
590,Kids
591,Electronics
592,Home
593,Home
594,Shoes
595,Tools
596,Kids
597,Beauty
598,Home
599,Books
600,Home
601,Tools
602,Home
603,Sports
604,Beauty
605,Grocery
606,Beauty
607,Movies
608,Computers
609,Games
610,Games
611,Clothing
612,Movies
613,Garden
614,Movies
615,Electronics
616,Tools
617,Industrial
618,Home
619,Grocery
620,Music
621,Music
622,Books
623,Computers
624,Music
625,Books
626,Electronics
627,Tools
628,Sports
629,Health
630,Jewelry
631,Toys
632,Home
633,Games
634,Outdoors
635,Games
636,Home
637,Clothing
638,Industrial
639,Music
640,Music
641,Beauty
642,Kids
643,Shoes
644,Automotive
645,Baby
646,Movies
647,Jewelry
648,Tools
649,Automotive
650,Grocery
651,Shoes
652,Shoes
653,Kids
654,Home
655,Books
656,Automotive
657,Outdoors
658,Baby
659,Sports
660,Home
661,Movies
662,Clothing
663,Garden
664,Beauty
665,Kids
666,Beauty
667,Kids
668,Music
669,Home
670,Books
671,Industrial
672,Electronics
673,Music
674,Jewelry
675,Kids
676,Industrial
677,Movies
678,Clothing
679,Health
680,Tools
681,Outdoors
682,Beauty
683,Garden
684,Clothing
685,Grocery
686,Kids
687,Music
688,Tools
689,Jewelry
690,Computers
691,Industrial
692,Electronics
693,Jewelry
694,Movies
695,Clothing
696,Home
697,Games
698,Grocery
699,Outdoors
700,Sports
701,Sports
702,Clothing
703,Health
704,Outdoors
705,Electronics
706,Games
707,Garden
708,Outdoors
709,Toys
710,Jewelry
711,Tools
712,Tools
713,Music
714,Computers
715,Baby
716,Computers
717,Automotive
718,Automotive
719,Outdoors
720,Industrial
721,Garden
722,Music
723,Industrial
724,Games
725,Shoes
726,Games
727,Grocery
728,Kids
729,Toys
730,Clothing
731,Grocery
732,Beauty
733,Computers
734,Industrial
735,Industrial
736,Health
737,Garden
738,Kids
739,Computers
740,Toys
741,Outdoors
742,Books
743,Shoes
744,Tools
745,Garden
746,Electronics
747,Music
748,Tools
749,Computers
750,Electronics
751,Computers
752,Electronics
753,Beauty
754,Health
755,Music
756,Automotive
757,Tools
758,Tools
759,Shoes
760,Industrial
761,Health
762,Home
763,Automotive
764,Baby
765,Electronics
766,Health
767,Computers
768,Jewelry
769,Garden
770,Baby
771,Beauty
772,Outdoors
773,Baby
774,Health
775,Books
776,Kids
777,Sports
778,Computers
779,Clothing
780,Jewelry
781,Electronics
782,Outdoors
783,Games
784,Garden
785,Movies
786,Outdoors
787,Kids
788,Books
789,Grocery
790,Jewelry
791,Sports
792,Automotive
793,Computers
794,Garden
795,Automotive
796,Outdoors
797,Home
798,Movies
799,Automotive
800,Electronics
801,Garden
802,Baby
803,Home
804,Computers
805,Kids
806,Electronics
807,Grocery
808,Garden
809,Grocery
810,Industrial
811,Music
812,Grocery
813,Outdoors
814,Home
815,Toys
816,Industrial
817,Outdoors
818,Automotive
819,Home
820,Music
821,Toys
822,Electronics
823,Home
824,Books
825,Home
826,Health
827,Baby
828,Movies
829,Shoes
830,Jewelry
831,Beauty
832,Clothing
833,Jewelry
834,Grocery
835,Health
836,Health
837,Garden
838,Shoes
839,Automotive
840,Health
841,Computers
842,Jewelry
843,Garden
844,Automotive
845,Tools
846,Sports
847,Games
848,Shoes
849,Sports
850,Baby
851,Music
852,Kids
853,Toys
854,Shoes
855,Beauty
856,Toys
857,Movies
858,Toys
859,Health
860,Garden
861,Home
862,Outdoors
863,Games
864,Beauty
865,Jewelry
866,Books
867,Outdoors
868,Jewelry
869,Toys
870,Electronics
871,Shoes
872,Tools
873,Outdoors
874,Garden
875,Books
876,Automotive
877,Electronics
878,Industrial
879,Music
880,Automotive
881,Computers
882,Beauty
883,Automotive
884,Sports
885,Baby
886,Industrial
887,Kids
888,Clothing
889,Grocery
890,Tools
891,Garden
892,Music
893,Clothing
894,Beauty
895,Outdoors
896,Shoes
897,Automotive
898,Movies
899,Garden
900,Sports
901,Clothing
902,Electronics
903,Sports
904,Kids
905,Tools
906,Clothing
907,Music
908,Books
909,Outdoors
910,Books
911,Sports
912,Toys
913,Computers
914,Home
915,Health
916,Automotive
917,Health
918,Automotive
919,Kids
920,Jewelry
921,Health
922,Books
923,Electronics
924,Electronics
925,Electronics
926,Clothing
927,Home
928,Games
929,Grocery
930,Toys
931,Automotive
932,Garden
933,Toys
934,Games
935,Home
936,Jewelry
937,Toys
938,Baby
939,Toys
940,Clothing
941,Clothing
942,Health
943,Shoes
944,Kids
945,Shoes
946,Computers
947,Jewelry
948,Movies
949,Computers
950,Grocery
951,Clothing
952,Sports
953,Beauty
954,Grocery
955,Clothing
956,Toys
957,Home
958,Clothing
959,Music
960,Books
961,Electronics
962,Games
963,Baby
964,Books
965,Computers
966,Baby
967,Games
968,Music
969,Garden
970,Garden
971,Tools
972,Jewelry
973,Industrial
974,Automotive
975,Garden
976,Baby
977,Toys
978,Industrial
979,Kids
980,Music
981,Health
982,Toys
983,Games
984,Games
985,Grocery
986,Music
987,Health
988,Books
989,Industrial
990,Toys
991,Kids
992,Games
993,Beauty
994,Electronics
995,Grocery
996,Shoes
997,Electronics
998,Tools
999,Toys
1000,Health
